Model,Accuracy,Speed,Resource Usage,Closeness to Ideal,Rank
GPT-3,0.95,0.8,0.9,0.7717152468833886,1.0
BERT,0.9,0.85,0.8,0.34194222746842123,2.0
T5,0.88,0.9,0.75,0.22828475311661148,3.0
