Model,ROUGE-1,ROUGE-2,ROUGE-L,BLEU,Inference Time,Model Size,TOPSIS Score
Pegasus,49.2,25.7,45.1,22.0,1.8,1.8,0.8286086310377482
T5,47.3,24.1,43.8,20.5,1.5,2.1,0.7949970528229612
BART,45.6,22.5,42.3,18.2,1.2,1.5,0.7354698992978579
GPT-3.5,50.5,26.3,46.2,23.8,3.0,10.0,0.26453010070214217
